url,attack,p_phish_rf,p_phish_ar_lrf
https://ipfs.litnet.work/ipfs/bafybeie2l2jhw24jlhm6nkrihd7ifvfyipjgmbyamechzatkvsv2qke6lu,clean,1.0,1.0
https://www.ipfs.litnet.work/ipfs/bafybeie2l2jhw24jlhm6nkrihd7ifvfyipjgmbyamechzatkvsv2...,benign_mimicry,1.0,1.0
https://ipfs.litnеt.work/ipfs/bafybeie2l2jhw24jlhm6nkrihd7ifvfyipjgmbyamechzatkvsv2qke6lu,homoglyph_unicode,1.0,1.0
https://www.ipfs.litnеt.work/ipfs/bafybeie2l2jhw24jlhm6nkrihd7ifvfyipjgmbyamechzatkvsv2...,combined,1.0,1.0
http://buttery-almond-scar.glitch.me/vaewa.htm,clean,1.0,1.0
https://www.buttery-almond-scar.glitch.me/vaewa.htm,benign_mimicry,0.99,1.0
http://buttery-almond-scar.glitсh.me/vaewa.htm,homoglyph_unicode,1.0,1.0
https://www.buttery-almond-scar.glitсh.me/vaewa.htm,combined,0.99,1.0
http://www.dfuimiubaifhimoofmfpbmdjjedaaphs.top,clean,0.98,0.994
https://www.dfuimiubaifhimoofmfpbmdjjedaaphs.top,benign_mimicry,0.01,0.219
http://www.dfuimiubаifhimооfmfрbmdjjеdаарhs.top,homoglyph_unicode,0.99,0.99
https://www.dfuimiubаifhimооfmfрbmdjjеdаарhs.top,combined,0.0,0.642
http://www.institutohumanus.org.br,clean,1.0,0.991
https://www.institutohumanus.org.br,benign_mimicry,0.0,0.072
http://www.institutоhumаnus.org.br,homoglyph_unicode,1.0,1.0
https://www.institutоhumаnus.org.br,combined,0.0,0.627
http://paypal.com.secure-update.info/login,clean,1.0,1.0
https://www.paypal.com.secure-update.info/login,benign_mimicry,1.0,1.0
http://paypal.com.sесurе-uрdаtе.info/login,homoglyph_unicode,1.0,1.0
https://www.com.paypal.sесurе-uрdаtе.info/login,combined,1.0,1.0
https://www.wikipedia.org,clean,0.006,0.03
https://www.wikipedia.org,benign_mimicry,0.006,0.03
https://www.wikiреdiа.org,homoglyph_unicode,0.0,0.932
https://www.wikiреdiа.org,combined,0.0,0.932
