feature,rf,ar_lrf
is_https,0.4083,0.3814
n_slashes,0.1522,0.1521
path_len,0.1235,0.1068
has_www,0.075,0.0578
digit_ratio,0.0427,0.0491
n_special,0.0424,0.0672
url_len,0.0359,0.035
n_digits,0.0306,0.0301
host_digit_ratio,0.0126,0.0188
longest_token,0.0115,0.0089
host_len,0.0104,0.0138
entropy,0.0089,0.0103
n_subdomains,0.0086,0.0099
letter_ratio,0.0082,0.01
n_dots,0.0082,0.008
n_hyphens,0.0076,0.011
tld_len,0.0068,0.0074
special_ratio,0.0031,0.0041
host_hyphens,0.0026,0.0061
n_suspicious_words,0.0007,0.0021
query_len,0.0001,0.0
has_punycode,0.0,0.0
n_query_params,0.0,0.0
n_underscores,0.0,0.0
host_is_ip,0.0,0.0
has_at,0.0,0.0023
has_port,0.0,0.0
n_percent_enc,0.0,0.0
n_non_ascii,0.0,0.0078
